{"cameraMode":{"drawMode":0,"name":"Shaded","section":"Shading Mode"},"sceneLighting":true,"audioPlay":false,"sceneViewState":{"showFog":true,"showMaterialUpdate":false,"showSkybox":true,"showFlares":true,"showImageEffects":true,"showParticleSystems":true},"in2DMode":false,"pivot":{"x":339.2928771972656,"y":201.04087829589845,"z":10.8643798828125},"rotation":{"x":-0.026996754109859468,"y":-7.708192697464256e-7,"z":-3.380472080038999e-8,"w":-0.9996355175971985},"size":657.8318481445313,"orthographic":false}