{"cameraMode":{"drawMode":0,"name":"Shaded","section":"Shading Mode"},"sceneLighting":true,"audioPlay":false,"sceneViewState":{"showFog":true,"showMaterialUpdate":false,"showSkybox":true,"showFlares":true,"showImageEffects":true,"showParticleSystems":true},"in2DMode":false,"pivot":{"x":636.7916259765625,"y":239.83419799804688,"z":-139.65826416015626},"rotation":{"x":-0.026996754109859468,"y":-7.708192697464256e-7,"z":-3.380472080038999e-8,"w":-0.9996355175971985},"size":1008.0971069335938,"orthographic":false}